district,season,monthly_rainfall
ADILABAD,kharif,853.3091228070176
ADILABAD,rabi,99.01535714285714
ADILABAD,zaid,51.71657894736842
AGAR-MALWA,kharif,1069.9
AGAR-MALWA,rabi,16.9
AGAR-MALWA,zaid,1.1
AGRA,kharif,656.0202631578948
AGRA,rabi,35.22026785714286
AGRA,zaid,27.01359649122807
AHMEDABAD,kharif,584.0484210526316
AHMEDABAD,rabi,26.987543859649122
AHMEDABAD,zaid,8.356902654867257
AHMEDNAGAR,kharif,692.8529824561404
AHMEDNAGAR,rabi,96.19035087719298
AHMEDNAGAR,zaid,39.08491228070176
AIZWAL,kharif,1809.853628318584
AIZWAL,rabi,258.13378378378377
AIZWAL,zaid,613.1850000000001
AJMER,kharif,487.1143859649123
AJMER,rabi,23.2375
AJMER,zaid,22.281929824561402
AKOLA,kharif,704.3183333333333
AKOLA,rabi,97.8151754385965
AKOLA,zaid,32.1480701754386
ALAPUZHA,kharif,1566.0666666666666
ALAPUZHA,rabi,559.0416666666666
ALAPUZHA,zaid,507.7083333333333
ALIGARH,kharif,590.4385087719298
ALIGARH,rabi,34.8751376146789
ALIGARH,zaid,37.807256637168145
ALIRAPUR,kharif,951.4799999999999
ALIRAPUR,rabi,45.62
ALIRAPUR,zaid,25.7
ALLAHABAD,kharif,901.1371929824561
ALLAHABAD,rabi,70.49732142857142
ALLAHABAD,zaid,45.10140350877193
ALMORA,kharif,948.5908771929825
ALMORA,rabi,75.76154545454546
ALMORA,zaid,102.45375
ALWAR,kharif,542.4778070175439
ALWAR,rabi,26.613928571428573
ALWAR,zaid,37.11763157894737
AMBALA,kharif,547.8392105263158
AMBALA,rabi,45.82245614035088
AMBALA,zaid,67.63
AMBEDKAR NAGAR,kharif,867.4687719298246
AMBEDKAR NAGAR,rabi,64.6436036036036
AMBEDKAR NAGAR,zaid,38.0787610619469
AMETHI,kharif,484.65
AMETHI,rabi,
AMETHI,zaid,16.2
AMRAOTI,kharif,749.7167543859649
AMRAOTI,rabi,91.82491228070177
AMRAOTI,zaid,33.23640350877193
AMRELI,kharif,631.8614912280702
AMRELI,rabi,31.253157894736844
AMRELI,zaid,10.776315789473685
AMRITSAR,kharif,372.86298245614034
AMRITSAR,rabi,37.76633928571429
AMRITSAR,zaid,70.64763157894737
ANAND,kharif,666.3131578947368
ANAND,rabi,27.902280701754385
ANAND,zaid,8.75157894736842
ANANTNAG,kharif,473.6598245614035
ANANTNAG,rabi,132.97359649122808
ANANTNAG,zaid,256.9895614035088
ANANTPUR,kharif,352.3838596491228
ANANTPUR,rabi,185.24228070175437
ANANTPUR,zaid,114.59052631578948
ANDAMAN,kharif,1775.2714285714285
ANDAMAN,rabi,602.5714285714286
ANDAMAN,zaid,529.2714285714286
ANGUL,kharif,1021.8329824561404
ANGUL,rabi,123.66053571428571
ANGUL,zaid,129.94649122807016
ANJAW,kharif,1026.2
ANJAW,rabi,132.4
ANJAW,zaid,1302.2
ANUPPUR,kharif,898.32
ANUPPUR,rabi,101.88
ANUPPUR,zaid,66.9
ARARIA,kharif,1144.0416666666667
ARARIA,rabi,106.47693693693694
ARARIA,zaid,146.54954954954954
ARAVALLI,kharif,883.5
ARAVALLI,rabi,40.8
ARAVALLI,zaid,0.0
ARIYALUR,kharif,318.8189622641509
ARIYALUR,rabi,437.7779807692308
ARIYALUR,zaid,117.7872641509434
ARWAL,kharif,700.6800000000001
ARWAL,rabi,59.620000000000005
ARWAL,zaid,53.32000000000001
ASHOKNAGAR,kharif,896.5200000000001
ASHOKNAGAR,rabi,66.32000000000001
ASHOKNAGAR,zaid,63.36
AURAIYA,kharif,709.0451327433628
AURAIYA,rabi,49.507009345794394
AURAIYA,zaid,25.326605504587157
AURANGABAD_BR,kharif,929.5913157894737
AURANGABAD_BR,rabi,88.40638888888888
AURANGABAD_BR,zaid,61.28916666666666
AURANGABAD_MH,kharif,556.2516666666667
AURANGABAD_MH,rabi,93.39271929824562
AURANGABAD_MH,zaid,30.298947368421054
AZAMGARH,kharif,870.3868421052632
AZAMGARH,rabi,66.56642201834862
AZAMGARH,zaid,40.887499999999996
BADAUN,kharif,671.3398245614036
BADAUN,rabi,45.169444444444444
BADAUN,zaid,40.20581818181819
BADGAM,kharif,544.6175925925926
BADGAM,rabi,132.43514018691587
BADGAM,zaid,246.63523364485982
BAGALKOTE,kharif,521.432456140351
BAGALKOTE,rabi,147.73377192982457
BAGALKOTE,zaid,111.91438596491228
BAGESHWAR,kharif,994.6606542056074
BAGESHWAR,rabi,94.95009523809524
BAGESHWAR,zaid,137.56794392523364
BAGHPAT,kharif,511.20394736842104
BAGHPAT,rabi,35.725779816513764
BAGHPAT,zaid,49.98424778761062
BAHRAICH,kharif,957.4013157894736
BAHRAICH,rabi,76.3318018018018
BAHRAICH,zaid,61.13508771929824
BAKSA,kharif,1355.02
BAKSA,rabi,77.22
BAKSA,zaid,555.6600000000001
BALAGHAT,kharif,1208.0393859649123
BALAGHAT,rabi,88.72157894736843
BALAGHAT,zaid,59.44210526315789
BALASORE,kharif,1127.915789473684
BALASORE,rabi,193.11080357142856
BALASORE,zaid,212.03350877192983
BALLARI,kharif,426.2872807017544
BALLARI,rabi,176.02254385964912
BALLARI,zaid,119.23026315789474
BALLIA,kharif,863.1298245614036
BALLIA,rabi,73.952
BALLIA,zaid,45.13455357142857
BALOD,kharif,1315.05
BALOD,rabi,101.75
BALOD,zaid,59.400000000000006
BALODA BAZAR,kharif,736.65
BALODA BAZAR,rabi,33.0
BALODA BAZAR,zaid,3.4
BALRAMPUR,kharif,990.2281578947368
BALRAMPUR,rabi,73.0248623853211
BALRAMPUR,zaid,52.16794642857143
BANASKANTHA,kharif,519.3405263157895
BANASKANTHA,rabi,17.2890350877193
BANASKANTHA,zaid,9.549122807017545
BANDA,kharif,946.937192982456
BANDA,rabi,68.20432432432433
BANDA,zaid,34.46830357142857
BANDIPORE,kharif,282.0
BANDIPORE,rabi,
BANDIPORE,zaid,
BANKA,kharif,1033.4466355140187
BANKA,rabi,105.7706603773585
BANKA,zaid,99.5811320754717
BANKURA,kharif,1112.0542105263157
BANKURA,rabi,123.84785714285715
BANKURA,zaid,179.41491228070174
BANSWARA,kharif,899.5240350877193
BANSWARA,rabi,31.049910714285716
BANSWARA,zaid,10.285087719298245
BARABANKI,kharif,816.4931578947369
BARABANKI,rabi,65.18788990825688
BARABANKI,zaid,37.298938053097345
BARAMULA,kharif,484.218596491228
BARAMULA,rabi,157.29885964912282
BARAMULA,zaid,310.5722807017544
BARAN,kharif,771.7591228070174
BARAN,rabi,42.14767857142857
BARAN,zaid,13.783070175438596
BAREILLY,kharif,788.0016666666667
BAREILLY,rabi,54.42053571428571
BAREILLY,zaid,50.931315789473686
BARGARH,kharif,1140.5847663551403
BARGARH,rabi,67.34533333333333
BARGARH,zaid,83.94289719626168
BARMER,kharif,267.8230701754386
BARMER,rabi,12.903660714285715
BARMER,zaid,12.695877192982456
BARNALA,kharif,237.48000000000002
BARNALA,rabi,18.5
BARNALA,zaid,50.025
BARPETA,kharif,1919.3514912280702
BARPETA,rabi,174.44771929824563
BARPETA,zaid,675.1220175438597
BARWANI,kharif,771.355701754386
BARWANI,rabi,50.87221238938053
BARWANI,zaid,13.201891891891893
BASTAR,kharif,1060.9593859649121
BASTAR,rabi,116.69298245614036
BASTAR,zaid,96.98263157894738
BASTI,kharif,906.0098245614034
BASTI,rabi,66.96754716981133
BASTI,zaid,37.231651376146786
BEED,kharif,572.7873684210526
BEED,rabi,98.11902654867258
BEED,zaid,42.276666666666664
BEGUSARAI,kharif,946.7817431192661
BEGUSARAI,rabi,101.96055555555556
BEGUSARAI,zaid,78.80201834862386
BELAGAVI,kharif,1439.3120175438596
BELAGAVI,rabi,165.57263157894735
BELAGAVI,zaid,114.44850877192982
BEMETARA,kharif,1003.95
BEMETARA,rabi,109.35
BEMETARA,zaid,41.75
BENGALURU,kharif,395.3325490196078
BENGALURU,rabi,250.64970588235295
BENGALURU,zaid,192.6769607843137
BENGALURU RURAL,kharif,417.6252631578947
BENGALURU RURAL,rabi,234.27964912280703
BENGALURU RURAL,zaid,192.73061403508774
BENGALURU URBAN,kharif,527.0166666666667
BENGALURU URBAN,rabi,241.10833333333335
BENGALURU URBAN,zaid,208.35833333333335
BETUL,kharif,863.1643859649123
BETUL,rabi,86.32840707964603
BETUL,zaid,36.214122807017546
BHABUA,kharif,912.1348181818182
BHABUA,rabi,77.94542056074766
BHABUA,zaid,51.43644859813084
BHADRAK,kharif,1079.846448598131
BHADRAK,rabi,198.76685714285713
BHADRAK,zaid,175.59570093457944
BHAGALPUR,kharif,994.4959649122807
BHAGALPUR,rabi,107.4525
BHAGALPUR,zaid,100.35570175438596
BHANDARA,kharif,1093.67649122807
BHANDARA,rabi,78.9945045045045
BHANDARA,zaid,68.81618181818182
BHARATPUR,kharif,626.7100877192983
BHARATPUR,rabi,28.387589285714284
BHARATPUR,zaid,28.6740350877193
BHARUCH,kharif,951.2375438596491
BHARUCH,rabi,39.622982456140356
BHARUCH,zaid,7.896929824561403
BHATINDA,kharif,272.0698245614035
BHATINDA,rabi,20.636071428571427
BHATINDA,zaid,47.03131578947368
BHAVNAGAR,kharif,774.3197368421053
BHAVNAGAR,rabi,34.62447368421053
BHAVNAGAR,zaid,10.371491228070175
BHILWARA,kharif,577.52
BHILWARA,rabi,32.184821428571425
BHILWARA,zaid,20.81201754385965
BHIND,kharif,747.3756140350878
BHIND,rabi,46.46429824561404
BHIND,zaid,24.372280701754388
BHIWANI,kharif,368.3767543859649
BHIWANI,rabi,21.827105263157893
BHIWANI,zaid,38.50798245614035
BHOJPUR,kharif,874.4451754385965
BHOJPUR,rabi,82.91330188679245
BHOJPUR,zaid,54.65537735849057
BHOPAL,kharif,994.6458771929825
BHOPAL,rabi,57.87035087719298
BHOPAL,zaid,25.409473684210525
BIDAR,kharif,633.916403508772
BIDAR,rabi,112.6907894736842
BIDAR,zaid,67.72087719298246
BIJAPUR_CH,kharif,1617.6799999999998
BIJAPUR_CH,rabi,114.67999999999999
BIJAPUR_CH,zaid,84.14
BIJAPUR_KR,kharif,429.1716666666667
BIJAPUR_KR,rabi,137.18421052631578
BIJAPUR_KR,zaid,83.52842105263157
BIJNOR,kharif,741.9288596491228
BIJNOR,rabi,53.29513513513514
BIJNOR,zaid,64.41605263157895
BIKANER,kharif,215.29710526315787
BIKANER,rabi,10.200089285714286
BIKANER,zaid,33.6380701754386
BILASPUR_CH,kharif,642.5851754385966
BILASPUR_CH,rabi,56.87631578947368
BILASPUR_CH,zaid,81.44842105263159
BILASPUR_HP,kharif,847.5333333333333
BILASPUR_HP,rabi,107.925
BILASPUR_HP,zaid,193.8166666666667
BIRBHUM,kharif,1091.8329824561404
BIRBHUM,rabi,126.6105357142857
BIRBHUM,zaid,168.385350877193
BISHNUPUR,kharif,1861.340882352941
BISHNUPUR,rabi,270.45872549019606
BISHNUPUR,zaid,647.5044230769231
BOKARO,kharif,1103.080625
BOKARO,rabi,114.23222222222222
BOKARO,zaid,127.21916666666667
BOLANGIR,kharif,1113.9888596491228
BOLANGIR,rabi,82.91
BOLANGIR,zaid,88.81815789473684
BONGAIGAON,kharif,2030.3666666666666
BONGAIGAON,rabi,151.96666666666667
BONGAIGAON,zaid,699.1333333333333
BOTAD,kharif,542.55
BOTAD,rabi,65.55
BOTAD,zaid,0.0
BOUDHGARH,kharif,1024.3237719298245
BOUDHGARH,rabi,103.9349107142857
BOUDHGARH,zaid,104.28570175438597
BULANDSHAHAR,kharif,584.2338596491228
BULANDSHAHAR,rabi,35.66532710280374
BULANDSHAHAR,zaid,39.733423423423424
BULDHANA,kharif,664.9549999999999
BULDHANA,rabi,95.57491228070175
BULDHANA,zaid,31.893684210526317
BUNDI,kharif,666.2191228070175
BUNDI,rabi,37.550089285714286
BUNDI,zaid,17.613333333333333
BURDWAN,kharif,1102.5409649122807
BURDWAN,rabi,126.02714285714286
BURDWAN,zaid,187.95815789473684
BURHANPUR,kharif,945.22
BURHANPUR,rabi,58.86
BURHANPUR,zaid,35.42
BUXAR,kharif,867.4235964912281
BUXAR,rabi,78.95409523809523
BUXAR,zaid,49.48571428571429
CACHAR,kharif,2097.5567543859647
CACHAR,rabi,276.58464912280704
CACHAR,zaid,890.2438596491228
CANNUR,kharif,2532.1916666666666
CANNUR,rabi,405.2166666666667
CANNUR,zaid,311.26666666666665
CENTRAL DELHI,kharif,548.1600000000001
CENTRAL DELHI,rabi,34.4
CENTRAL DELHI,zaid,81.97999999999999
CHAMARAJANAGAR,kharif,892.8317543859649
CHAMARAJANAGAR,rabi,326.6388596491228
CHAMARAJANAGAR,zaid,235.8677192982456
CHAMBA,kharif,635.0552631578947
CHAMBA,rabi,84.41920353982302
CHAMBA,zaid,152.40150442477875
CHAMOLI,kharif,904.2328947368421
CHAMOLI,rabi,92.82583333333334
CHAMOLI,zaid,155.34119266055043
CHAMPAWAT,kharif,1101.8430701754387
CHAMPAWAT,rabi,80.64857142857143
CHAMPAWAT,zaid,95.13481481481482
CHAMPHAI,kharif,1903.7613725490196
CHAMPHAI,rabi,276.47990196078433
CHAMPHAI,zaid,600.4789215686275
CHANDAULI,kharif,901.2590654205608
CHANDAULI,rabi,76.43171428571428
CHANDAULI,zaid,51.567663551401864
CHANDEL,kharif,1750.2992233009709
CHANDEL,rabi,261.74029126213594
CHANDEL,zaid,530.3538461538462
CHANDIGARH,kharif,557.1342105263158
CHANDIGARH,rabi,47.62982456140351
CHANDIGARH,zaid,72.30175438596491
CHANDRAPUR,kharif,974.2149999999999
CHANDRAPUR,rabi,86.57763157894738
CHANDRAPUR,zaid,60.1278947368421
CHANGLANG,kharif,1254.9530701754386
CHANGLANG,rabi,182.03513274336285
CHANGLANG,zaid,436.2567543859649
CHATRA,kharif,1011.3737383177571
CHATRA,rabi,97.41235849056605
CHATRA,zaid,86.34726415094339
CHENNAI,kharif,427.64300884955753
CHENNAI,rabi,682.4050450450451
CHENNAI,zaid,75.1491150442478
CHHATARPUR,kharif,1011.4610526315789
CHHATARPUR,rabi,72.72026315789475
CHHATARPUR,zaid,34.770087719298246
CHHINDWARA,kharif,975.7997368421053
CHHINDWARA,rabi,87.30324561403509
CHHINDWARA,zaid,51.34710526315789
CHHOTA UDEPUR,kharif,810.15
CHHOTA UDEPUR,rabi,26.75
CHHOTA UDEPUR,zaid,0.8
CHIKABALLAPUR,kharif,376.28000000000003
CHIKABALLAPUR,rabi,215.92
CHIKABALLAPUR,zaid,176.62
CHIKKMAGALURU,kharif,1941.1950877192983
CHIKKMAGALURU,rabi,257.07456140350877
CHIKKMAGALURU,zaid,202.6778947368421
CHIRANG,kharif,2824.0
CHIRANG,rabi,159.32
CHIRANG,zaid,963.22
CHITOOR,kharif,429.405
CHITOOR,rabi,322.35017543859647
CHITOOR,zaid,127.3909649122807
CHITRADURGA,kharif,475.99912280701756
CHITRADURGA,rabi,200.46833333333333
CHITRADURGA,zaid,151.8426315789474
CHITTORGARH,kharif,757.9782456140351
CHITTORGARH,rabi,38.78044642857143
CHITTORGARH,zaid,16.018421052631577
CHURACHANDPUR,kharif,2079.2444660194174
CHURACHANDPUR,rabi,280.0839805825243
CHURACHANDPUR,zaid,699.4486538461539
CHURU,kharif,305.0608771929825
CHURU,rabi,16.10875
CHURU,zaid,37.932105263157894
COIMBATORE,kharif,1342.4341592920355
COIMBATORE,rabi,454.272972972973
COIMBATORE,zaid,317.03840707964605
COOCH BEHAR,kharif,1690.2316814159292
COOCH BEHAR,rabi,138.89855855855856
COOCH BEHAR,zaid,364.29035398230087
CUDAPATH,kharif,369.6214035087719
CUDAPATH,rabi,215.66026315789475
CUDAPATH,zaid,88.58254385964912
CUDDALORE,kharif,322.70309734513273
CUDDALORE,rabi,568.7326126126126
CUDDALORE,zaid,119.75141592920353
CUTTACK,kharif,964.3546491228069
CUTTACK,rabi,227.2958035714286
CUTTACK,zaid,122.43552631578947
DADRA & NAGAR HAVELI,kharif,1633.0312037037036
DADRA & NAGAR HAVELI,rabi,52.19596153846154
DADRA & NAGAR HAVELI,zaid,7.565192307692308
DAHOD,kharif,886.8087719298245
DAHOD,rabi,31.393157894736845
DAHOD,zaid,8.798421052631578
DAKSHINA KANNADA,kharif,3063.933333333333
DAKSHINA KANNADA,rabi,353.4166666666667
DAKSHINA KANNADA,zaid,293.34999999999997
DAMAN,kharif,2194.87
DAMAN,rabi,11.8
DAMAN,zaid,0.016666666666666666
DAMOH,kharif,1075.5857894736841
DAMOH,rabi,74.55877192982457
DAMOH,zaid,40.97570175438596
DANGS,kharif,1551.3858771929824
DANGS,rabi,65.83385964912281
DANGS,zaid,9.999298245614035
DANTEWADA,kharif,901.1604424778761
DANTEWADA,rabi,128.69839285714286
DANTEWADA,zaid,78.79855855855855
DARBHANGA,kharif,956.3623684210526
DARBHANGA,rabi,104.84383177570095
DARBHANGA,zaid,88.65560747663551
DARJEELING,kharif,1777.5512280701755
DARJEELING,rabi,127.07214285714285
DARJEELING,zaid,289.774649122807
DARRANG,kharif,1886.411743119266
DARRANG,rabi,183.22709090909092
DARRANG,zaid,679.7093636363636
DATIA,kharif,828.6200000000001
DATIA,rabi,47.821592920353986
DATIA,zaid,25.642389380530975
DAUSA,kharif,608.0542982456141
DAUSA,rabi,26.284285714285716
DAUSA,zaid,27.1380701754386
DAVANGERE,kharif,953.3471929824561
DAVANGERE,rabi,201.32859649122807
DAVANGERE,zaid,155.08429824561404
DEHRADUN,kharif,861.4881578947368
DEHRADUN,rabi,64.99053571428571
DEHRADUN,zaid,91.24561403508773
DELHI,kharif,587.3857142857142
DELHI,rabi,28.942857142857143
DELHI,zaid,97.8142857142857
DEOGARH,kharif,1139.0272807017543
DEOGARH,rabi,90.34071428571428
DEOGARH,zaid,112.33000000000001
DEOGHAR,kharif,1084.2088785046728
DEOGHAR,rabi,110.02065420560747
DEOGHAR,zaid,109.26448598130841
DEORIA,kharif,887.944649122807
DEORIA,rabi,70.91638888888889
DEORIA,zaid,46.664375
DEVBHOOMI DWARKA,kharif,571.6500000000001
DEVBHOOMI DWARKA,rabi,24.85
DEVBHOOMI DWARKA,zaid,0.15
DEWAS,kharif,862.3612280701753
DEWAS,rabi,61.88333333333333
DEWAS,zaid,16.89830357142857
DHALAI,kharif,1733.0621495327102
DHALAI,rabi,235.0142857142857
DHALAI,zaid,588.1621495327103
DHAMTARI,kharif,1096.2354385964911
DHAMTARI,rabi,79.5032456140351
DHAMTARI,zaid,67.96149122807017
DHANBAD,kharif,1078.7355263157895
DHANBAD,rabi,113.24018518518518
DHANBAD,zaid,127.22761467889907
DHAR,kharif,725.6681578947369
DHAR,rabi,44.02570175438597
DHAR,zaid,11.198421052631579
DHARMAPURI,kharif,349.04876106194695
DHARMAPURI,rabi,298.82243243243244
DHARMAPURI,zaid,177.1975221238938
DHARWAD,kharif,1727.8924561403508
DHARWAD,rabi,200.42087719298246
DHARWAD,zaid,148.44263157894736
DHEMAJI,kharif,1410.5633644859813
DHEMAJI,rabi,188.0972641509434
DHEMAJI,zaid,571.926380952381
DHENKANAL,kharif,996.9279824561403
DHENKANAL,rabi,167.36026785714284
DHENKANAL,zaid,142.6707894736842
DHOLPUR,kharif,704.1688596491229
DHOLPUR,rabi,33.834196428571424
DHOLPUR,zaid,24.052982456140352
DHUBRI,kharif,1618.2354385964911
DHUBRI,rabi,152.39122807017543
DHUBRI,zaid,468.3338596491228
DHULE,kharif,973.2949122807017
DHULE,rabi,72.34756756756757
DHULE,zaid,19.333716814159292
DIBANG VALLEY,kharif,1119.6034905660376
DIBANG VALLEY,rabi,155.06796296296295
DIBANG VALLEY,zaid,427.80805555555554
DIBRUGARH,kharif,1419.0031578947367
DIBRUGARH,rabi,200.67701754385965
DIBRUGARH,zaid,594.8744736842106
DIMAPUR,kharif,1021.72
DIMAPUR,rabi,134.9
DIMAPUR,zaid,329.15999999999997
DINDIGUL,kharif,691.5563716814158
DINDIGUL,rabi,472.8275675675676
DINDIGUL,zaid,302.2183185840708
DINDORI,kharif,1142.05149122807
DINDORI,rabi,92.00168141592921
DINDORI,zaid,69.54517543859649
DIU,kharif,929.6857142857142
DIU,rabi,24.900000000000002
DIU,zaid,1.2375
DODA,kharif,520.1427192982455
DODA,rabi,114.70254385964913
DODA,zaid,221.76324561403507
DUMKA,kharif,1101.228691588785
DUMKA,rabi,116.79028301886792
DUMKA,zaid,128.82704761904762
DUNGARPUR,kharif,864.7074561403508
DUNGARPUR,rabi,26.842767857142857
DUNGARPUR,zaid,12.522105263157895
DURG,kharif,1072.217894736842
DURG,rabi,74.23079646017699
DURG,zaid,55.18141592920354
EAST CHAMPARAN,kharif,1025.1568421052632
EAST CHAMPARAN,rabi,91.09198198198199
EAST CHAMPARAN,zaid,76.83284403669725
EAST DELHI,kharif,390.0
EAST DELHI,rabi,53.666666666666664
EAST DELHI,zaid,65.5
EAST GARO HILLS,kharif,1923.6964285714287
EAST GARO HILLS,rabi,201.0559090909091
EAST GARO HILLS,zaid,648.6471681415929
EAST GODAVRI,kharif,681.7348245614036
EAST GODAVRI,rabi,273.36105263157896
EAST GODAVRI,zaid,76.74903508771929
EAST KAMENG,kharif,1396.6224561403508
EAST KAMENG,rabi,140.59736842105264
EAST KAMENG,zaid,496.60433628318583
EAST KHASI HILLS,kharif,3018.900789473684
EAST KHASI HILLS,rabi,296.5825
EAST KHASI HILLS,zaid,1068.2249122807018
EAST MIDNAPORE,kharif,1273.625
EAST MIDNAPORE,rabi,296.65000000000003
EAST MIDNAPORE,zaid,215.05
EAST SIANG,kharif,1454.5037719298246
EAST SIANG,rabi,176.05736842105264
EAST SIANG,zaid,542.5237719298245
EAST SIKKIM,kharif,1855.3212264150943
EAST SIKKIM,rabi,134.98461538461538
EAST SIKKIM,zaid,339.05056603773585
EAST SINGBHUM,kharif,1040.4473684210527
EAST SINGBHUM,rabi,121.27194690265486
EAST SINGBHUM,zaid,174.67805309734513
ERNAKULAM,kharif,2194.266666666667
ERNAKULAM,rabi,647.875
ERNAKULAM,zaid,493.14166666666665
ERODE,kharif,650.4309734513274
ERODE,rabi,379.44108108108105
ERODE,zaid,227.8669911504425
ETAH,kharif,631.3424561403508
ETAH,rabi,41.56558558558558
ETAH,zaid,32.84571428571429
ETAWAH,kharif,694.2747368421053
ETAWAH,rabi,47.89594594594595
ETAWAH,zaid,22.82008849557522
FAIZABAD,kharif,852.0897368421053
FAIZABAD,rabi,65.22227272727272
FAIZABAD,zaid,35.94633928571429
FARIDABAD,kharif,532.2979824561404
FARIDABAD,rabi,30.886194690265487
FARIDABAD,zaid,39.40819819819819
FARIDKOT,kharif,271.1145535714286
FARIDKOT,rabi,21.183363636363637
FARIDKOT,zaid,49.0581981981982
FARRUKHABAD,kharif,685.073596491228
FARRUKHABAD,rabi,48.032272727272726
FARRUKHABAD,zaid,34.337610619469025
FATEHABAD,kharif,292.4936842105263
FATEHABAD,rabi,19.995
FATEHABAD,zaid,39.7158407079646
FATEHGARH SAHIB,kharif,415.11625
FATEHGARH SAHIB,rabi,33.08693693693694
FATEHGARH SAHIB,zaid,52.755614035087724
FATEHPUR,kharif,854.3551754385966
FATEHPUR,rabi,66.26532110091743
FATEHPUR,zaid,30.56625
FEROZEPUR,kharif,242.77482456140353
FEROZEPUR,rabi,21.411339285714288
FEROZEPUR,zaid,45.9190350877193
FIROZABAD,kharif,653.2142477876107
FIROZABAD,rabi,39.9756880733945
FIROZABAD,zaid,28.644375
GADAG,kharif,866.4135087719299
GADAG,rabi,179.80701754385964
GADAG,zaid,135.54043859649124
GADCHIROLI,kharif,972.4750877192982
GADCHIROLI,rabi,98.49232142857143
GADCHIROLI,zaid,61.249375
GAJAPATI,kharif,740.3401754385965
GAJAPATI,rabi,226.7760714285714
GAJAPATI,zaid,109.01201754385964
GANDERBAL,kharif,274.62
GANDERBAL,rabi,169.4
GANDERBAL,zaid,542.38
GANDHINAGAR,kharif,666.0333333333333
GANDHINAGAR,rabi,22.750877192982454
GANDHINAGAR,zaid,11.569298245614034
GANJAM,kharif,790.5769298245615
GANJAM,rabi,231.57758928571428
GANJAM,zaid,106.86342105263158
GARHWAL PAURI,kharif,895.1890178571429
GARHWAL PAURI,rabi,65.51222222222222
GARHWAL PAURI,zaid,89.0445945945946
GARHWAL TEHRI,kharif,838.2211607142857
GARHWAL TEHRI,rabi,72.17518181818181
GARHWAL TEHRI,zaid,107.41008928571429
GARIABAND,kharif,953.6500000000001
GARIABAND,rabi,74.8
GARIABAND,zaid,23.0
GARWAH,kharif,1038.8011214953272
GARWAH,rabi,94.68254716981133
GARWAH,zaid,66.9488679245283
GAUTAM BUDDHA NAGAR,kharif,552.0468224299066
GAUTAM BUDDHA NAGAR,rabi,34.09447619047619
GAUTAM BUDDHA NAGAR,zaid,39.567009345794396
GAYA,kharif,958.9136283185841
GAYA,rabi,89.81491228070175
GAYA,zaid,70.21778761061947
GHAZIABAD,kharif,544.0729824561404
GHAZIABAD,rabi,37.049541284403674
GHAZIABAD,zaid,46.51837837837838
GHAZIPUR,kharif,865.0127192982455
GHAZIPUR,rabi,71.91045454545454
GHAZIPUR,zaid,44.75221238938053
GIR SOMNATH,kharif,969.9000000000001
GIR SOMNATH,rabi,46.0
GIR SOMNATH,zaid,0.0
GIRIDIH,kharif,1072.2090350877193
GIRIDIH,rabi,108.35559633027523
GIRIDIH,zaid,105.90163636363637
GOA,kharif,3042.4714285714285
GOA,rabi,256.7714285714286
GOA,zaid,106.32857142857142
GODDA,kharif,1050.5254205607478
GODDA,rabi,111.38971698113207
GODDA,zaid,110.47896226415095
GOLAGHAT,kharif,1391.1573684210528
GOLAGHAT,rabi,191.54008849557522
GOLAGHAT,zaid,579.1272566371681
GOLAPARA,kharif,1831.4430701754386
GOLAPARA,rabi,180.4270796460177
GOLAPARA,zaid,630.2052678571429
GONDA,kharif,883.8399999999999
GONDA,rabi,68.73564814814814
GONDA,zaid,42.26696428571428
GONDIA,kharif,1151.9851754385966
GONDIA,rabi,77.5930701754386
GONDIA,zaid,62.28728070175438
GOPALGANJ,kharif,926.9023636363636
GOPALGANJ,rabi,76.00787037037037
GOPALGANJ,zaid,53.8096261682243
GORAKHPUR,kharif,929.8778070175439
GORAKHPUR,rabi,67.79830357142858
GORAKHPUR,zaid,47.97745614035088
GUMLA,kharif,1183.316090909091
GUMLA,rabi,85.05819047619048
GUMLA,zaid,88.61438095238096
GUNA,kharif,783.9961403508772
GUNA,rabi,46.75192982456141
GUNA,zaid,26.439298245614033
GUNTUR,kharif,451.5700877192982
GUNTUR,rabi,279.01184210526316
GUNTUR,zaid,70.75447368421052
GURDASPUR,kharif,531.4269298245614
GURDASPUR,rabi,55.987857142857145
GURDASPUR,zaid,96.40684210526315
GURGAON,kharif,510.5054385964913
GURGAON,rabi,29.466160714285714
GURGAON,zaid,37.45017857142857
GWALIOR,kharif,788.4352631578947
GWALIOR,rabi,44.51675438596491
GWALIOR,zaid,26.345877192982456
HAILAKANDI,kharif,1971.7126315789474
HAILAKANDI,rabi,265.90734513274333
HAILAKANDI,zaid,827.3993805309735
HAMIRPUR_HP,kharif,681.5687719298245
HAMIRPUR_HP,rabi,65.61
HAMIRPUR_HP,zaid,105.4040350877193
HAMIRPUR_UP,kharif,867.6504385964912
HAMIRPUR_UP,rabi,62.16648648648649
HAMIRPUR_UP,zaid,27.028495575221235
HANUMANGARH,kharif,250.52929824561403
HANUMANGARH,rabi,14.75794642857143
HANUMANGARH,zaid,36.78973684210526
HARDA,kharif,863.6094736842105
HARDA,rabi,70.76580357142858
HARDA,zaid,22.972767857142856
HARDOI,kharif,732.4671929824561
HARDOI,rabi,57.123636363636365
HARDOI,zaid,35.363982300884956
HARDWAR,kharif,734.6590350877193
HARDWAR,rabi,54.07641509433962
HARDWAR,zaid,68.79688073394495
HASSAN,kharif,2037.6506140350878
HASSAN,rabi,280.2107894736842
HASSAN,zaid,234.69833333333335
HAVERI,kharif,1449.0630701754387
HAVERI,rabi,200.71719298245614
HAVERI,zaid,156.98868421052632
HAZARIBAGH,kharif,1077.736754385965
HAZARIBAGH,rabi,107.62227272727273
HAZARIBAGH,zaid,107.70267857142858
HINGOLI,kharif,745.5471962616823
HINGOLI,rabi,97.35480769230769
HINGOLI,zaid,39.3538679245283
HISAR,kharif,323.3014912280702
HISAR,rabi,20.858859649122806
HISAR,zaid,41.452456140350876
HOOGHLY,kharif,1157.6353508771929
HOOGHLY,rabi,154.24607142857144
HOOGHLY,zaid,206.49780701754386
HOSHANGABAD,kharif,1060.6581578947369
HOSHANGABAD,rabi,70.57745614035088
HOSHANGABAD,zaid,34.30236842105263
HOSHIARPUR,kharif,504.29043859649124
HOSHIARPUR,rabi,47.67419642857143
HOSHIARPUR,zaid,78.09771929824561
HOWRAH,kharif,1206.7344736842106
HOWRAH,rabi,186.34436363636365
HOWRAH,zaid,207.6420353982301
HYDERABAD,kharif,662.5707894736843
HYDERABAD,rabi,117.03089285714285
HYDERABAD,zaid,66.57456140350877
IDUKKI,kharif,1315.3033333333333
IDUKKI,rabi,550.4745614035088
IDUKKI,zaid,407.37815789473683
IMPHAL,kharif,3470.9829357798167
IMPHAL,rabi,521.582752293578
IMPHAL,zaid,1409.1897247706422
IMPHAL EAST,kharif,1619.7867289719625
IMPHAL EAST,rabi,252.45180952380952
IMPHAL EAST,zaid,623.6504672897197
IMPHAL WEST,kharif,2009.706603773585
IMPHAL WEST,rabi,286.1240384615385
IMPHAL WEST,zaid,850.8924528301887
INDORE,kharif,745.665
INDORE,rabi,53.63543859649123
INDORE,zaid,13.752894736842105
JABALPUR,kharif,1096.3524561403508
JABALPUR,rabi,85.50956140350877
JABALPUR,zaid,61.02912280701754
JAGATSINGHPUR,kharif,986.1461403508772
JAGATSINGHPUR,rabi,248.08982142857144
JAGATSINGHPUR,zaid,107.20412280701754
JAHANABAD,kharif,912.9950458715597
JAHANABAD,rabi,86.98583333333333
JAHANABAD,zaid,57.884537037037035
JAINTIA HILLS,kharif,2674.000462962963
JAINTIA HILLS,rabi,297.2427358490566
JAINTIA HILLS,zaid,1021.4266972477063
JAIPUR,kharif,522.8461403508771
JAIPUR,rabi,24.303839285714286
JAIPUR,zaid,28.974298245614037
JAISALMER,kharif,164.2984210526316
JAISALMER,rabi,8.990089285714285
JAISALMER,zaid,15.762982456140351
JAJPUR,kharif,1062.7054385964911
JAJPUR,rabi,193.07375
JAJPUR,zaid,158.38850877192982
JALANDHAR,kharif,417.69535087719294
JALANDHAR,rabi,35.105892857142855
JALANDHAR,zaid,63.222280701754386
JALAUN,kharif,791.0148245614035
JALAUN,rabi,54.402454545454546
JALAUN,zaid,24.851981981981982
JALGAON,kharif,622.8555263157895
JALGAON,rabi,74.76228070175438
JALGAON,zaid,23.501315789473686
JALNA,kharif,586.8674561403509
JALNA,rabi,96.50491228070175
JALNA,zaid,33.18079646017699
JALORE,kharif,425.1232456140351
JALORE,rabi,17.02857142857143
JALORE,zaid,11.829473684210527
JALPAIGURI,kharif,1957.6971929824563
JALPAIGURI,rabi,143.0413392857143
JALPAIGURI,zaid,364.55614035087723
JAMMU,kharif,568.0915789473685
JAMMU,rabi,77.44692982456141
JAMMU,zaid,131.58736842105264
JAMNAGAR,kharif,761.4499999999999
JAMNAGAR,rabi,22.166666666666668
JAMNAGAR,zaid,2.7583333333333333
JAMTARA,kharif,1014.4
JAMTARA,rabi,95.63333333333333
JAMTARA,zaid,154.175
JAMUI,kharif,1009.8279629629629
JAMUI,rabi,103.31682242990654
JAMUI,zaid,90.80710280373832
JANJGIR,kharif,1154.534298245614
JANJGIR,rabi,68.09
JANJGIR,zaid,69.07429824561403
JASHPUR,kharif,1241.0005263157896
JASHPUR,rabi,77.53719298245613
JASHPUR,zaid,69.76052631578948
JAUNPUR,kharif,845.4722807017544
JAUNPUR,rabi,66.785
JAUNPUR,zaid,37.58765765765765
JHABUA,kharif,901.8718421052631
JHABUA,rabi,40.582719298245614
JHABUA,zaid,9.827456140350877
JHAJJAR,kharif,437.1170796460177
JHAJJAR,rabi,25.03945945945946
JHAJJAR,zaid,37.32612612612613
JHALAWAR,kharif,848.5963157894737
JHALAWAR,rabi,49.82964285714286
JHALAWAR,zaid,12.17921052631579
JHANSI,kharif,869.193947368421
JHANSI,rabi,56.90589285714286
JHANSI,zaid,27.96274336283186
JHARSUGUDA,kharif,1250.7116666666668
JHARSUGUDA,rabi,65.81875
JHARSUGUDA,zaid,77.16780701754385
JHUNJHUNU,kharif,397.68815789473683
JHUNJHUNU,rabi,20.637767857142855
JHUNJHUNU,zaid,36.31754385964912
JIND,kharif,369.0569298245614
JIND,rabi,25.99315789473684
JIND,zaid,45.1270796460177
JODHPUR,kharif,282.30859649122806
JODHPUR,rabi,12.426874999999999
JODHPUR,zaid,21.99184210526316
JORHAT,kharif,1358.0084210526315
JORHAT,rabi,189.60637168141594
JORHAT,zaid,563.411592920354
JUNAGADH,kharif,1068.1916666666668
JUNAGADH,rabi,36.11666666666667
JUNAGADH,zaid,1.883333333333333
JYOTIBA PHULE NAGAR,kharif,673.5552631578947
JYOTIBA PHULE NAGAR,rabi,44.87837837837838
JYOTIBA PHULE NAGAR,zaid,50.808839285714285
KABIRDHAM,kharif,1150.2729824561402
KABIRDHAM,rabi,82.7821238938053
KABIRDHAM,zaid,56.9409009009009
KAITHAL,kharif,383.43
KAITHAL,rabi,28.633153153153152
KAITHAL,zaid,46.366216216216216
KALABURGI,kharif,476.96234234234237
KALABURGI,rabi,133.5616216216216
KALABURGI,zaid,68.21828828828828
KALAHANDI,kharif,1146.2005263157894
KALAHANDI,rabi,111.06705357142857
KALAHANDI,zaid,116.89333333333333
KAMRUP,kharif,2320.981743119266
KAMRUP,rabi,232.7925
KAMRUP,zaid,835.6610185185185
KAMRUP RURAL,kharif,1034.6
KAMRUP RURAL,rabi,80.17999999999999
KAMRUP RURAL,zaid,657.6800000000001
KANCHEEPURAM,kharif,414.1951327433629
KANCHEEPURAM,rabi,661.83009009009
KANCHEEPURAM,zaid,93.92840707964602
KANDHAMAL,kharif,985.5368421052631
KANDHAMAL,rabi,137.6938392857143
KANDHAMAL,zaid,111.45807017543859
KANGRA,kharif,718.6684210526315
KANGRA,rabi,71.98070175438596
KANGRA,zaid,118.47508771929824
KANKER,kharif,1084.80149122807
KANKER,rabi,86.46192982456141
KANKER,zaid,65.8962831858407
KANNAUJ,kharif,720.2752336448598
KANNAUJ,rabi,50.892761904761905
KANNAUJ,zaid,29.410467289719627
KANPUR DEHAT,kharif,752.5660526315789
KANPUR DEHAT,rabi,56.051028037383176
KANPUR DEHAT,zaid,26.21037037037037
KANPUR NAGAR,kharif,781.0432456140351
KANPUR NAGAR,rabi,60.96486486486487
KANPUR NAGAR,zaid,29.130701754385967
KANSHIRAM NAGAR,kharif,623.2
KANSHIRAM NAGAR,rabi,94.33333333333333
KANSHIRAM NAGAR,zaid,49.28
KANYAKUMARI,kharif,433.69090909090914
KANYAKUMARI,rabi,554.7666666666667
KANYAKUMARI,zaid,309.33636363636367
KAPURTHALA,kharif,402.5317857142857
KAPURTHALA,rabi,34.28872727272727
KAPURTHALA,zaid,63.61071428571428
KARAIKAL,kharif,267.70584905660377
KARAIKAL,rabi,643.6015384615384
KARAIKAL,zaid,112.73188679245283
KARAULI,kharif,688.1308771929824
KARAULI,rabi,31.04714285714286
KARAULI,zaid,24.03736842105263
KARBI ANGLONG,kharif,2017.447456140351
KARBI ANGLONG,rabi,246.61477876106196
KARBI ANGLONG,zaid,770.5433628318583
KARGIL,kharif,306.2175
KARGIL,rabi,94.83009708737865
KARGIL,zaid,178.00278846153847
KARIMGANJ,kharif,1761.313245614035
KARIMGANJ,rabi,233.74283185840707
KARIMGANJ,zaid,769.1260176991151
KARIMNAGAR,kharif,772.1728070175438
KARIMNAGAR,rabi,110.3755357142857
KARIMNAGAR,zaid,61.034035087719296
KARNAL,kharif,474.1017543859649
KARNAL,rabi,37.00105263157894
KARNAL,zaid,54.35868421052632
KARUP METRO,kharif,939.6
KARUP METRO,rabi,100.86
KARUP METRO,zaid,399.18
KARUR,kharif,397.762389380531
KARUR,rabi,412.8243243243243
KARUR,zaid,225.02398230088494
KASARGOD,kharif,2614.375
KASARGOD,rabi,293.375
KASARGOD,zaid,300.4
KATHUA,kharif,639.7762280701755
KATHUA,rabi,75.80263157894737
KATHUA,zaid,122.98982456140351
KATIHAR,kharif,1043.878947368421
KATIHAR,rabi,110.39666666666666
KATIHAR,zaid,132.66485981308412
KATNI,kharif,1077.0773684210526
KATNI,rabi,79.09522123893805
KATNI,zaid,55.84088495575221
KAUSHAMBI,kharif,896.3752336448598
KAUSHAMBI,rabi,70.52019047619048
KAUSHAMBI,zaid,38.2026168224299
KENDRAPARA,kharif,1091.9164285714285
KENDRAPARA,rabi,226.48954545454544
KENDRAPARA,zaid,146.9013392857143
KEONJHARGARH,kharif,1057.737807017544
KEONJHARGARH,rabi,126.78785714285713
KEONJHARGARH,zaid,168.16850877192982
KEPHIRE,kharif,478.2
KEPHIRE,rabi,53.2
KEPHIRE,zaid,146.06666666666666
KHAGARIA,kharif,951.7191228070175
KHAGARIA,rabi,102.25981308411214
KHAGARIA,zaid,86.30296296296295
KHAMMAM,kharif,719.4527192982456
KHAMMAM,rabi,154.00776785714285
KHAMMAM,zaid,78.43122807017544
KHANDWA,kharif,727.2571929824562
KHANDWA,rabi,68.35140350877194
KHANDWA,zaid,21.28736842105263
KHARGONE,kharif,636.0231578947369
KHARGONE,rabi,52.631403508771925
KHARGONE,zaid,15.587105263157895
KHEDA,kharif,729.822894736842
KHEDA,rabi,23.38140350877193
KHEDA,zaid,8.865438596491227
KHERI,kharif,926.9858771929825
KHERI,rabi,77.59599999999999
KHERI,zaid,59.24544642857143
KHUNTI,kharif,940.9399999999999
KHUNTI,rabi,31.775
KHUNTI,zaid,72.775
KHURDA,kharif,866.5284210526316
KHURDA,rabi,264.47696428571425
KHURDA,zaid,109.20324561403508
KINNAUR,kharif,680.2027192982456
KINNAUR,rabi,89.21561403508773
KINNAUR,zaid,160.7330701754386
KISHANGANJ,kharif,1342.9716216216216
KISHANGANJ,rabi,111.29271028037383
KISHANGANJ,zaid,189.09093457943925
KISTWAR,kharif,
KISTWAR,rabi,
KISTWAR,zaid,
KODAGU,kharif,1593.5104385964912
KODAGU,rabi,271.4264912280702
KODAGU,zaid,197.65517543859647
KODERMA,kharif,1039.5487962962964
KODERMA,rabi,100.82292452830188
KODERMA,zaid,95.20528301886793
KOHIMA,kharif,1457.9625438596493
KOHIMA,rabi,223.38767857142855
KOHIMA,zaid,600.2661403508772
KOKRAJHAR,kharif,1897.9001754385965
KOKRAJHAR,rabi,158.8355752212389
KOKRAJHAR,zaid,554.2858771929825
KOLAR,kharif,437.77263157894737
KOLAR,rabi,240.25052631578947
KOLAR,zaid,162.45499999999998
KOLASIB,kharif,1970.4479411764705
KOLASIB,rabi,268.16892156862747
KOLASIB,zaid,763.9607843137255
KOLHAPUR,kharif,1909.6971929824563
KOLHAPUR,rabi,150.18394736842106
KOLHAPUR,zaid,71.7419298245614
KOLKATA,kharif,1214.38
KOLKATA,rabi,174.44542857142858
KOLKATA,zaid,209.07261682242992
KOLLAM,kharif,1282.825
KOLLAM,rabi,683.125
KOLLAM,zaid,536.75
KONDAGAON,kharif,1253.0
KONDAGAON,rabi,176.10000000000002
KONDAGAON,zaid,42.55
KOPPAL,kharif,452.6380701754386
KOPPAL,rabi,165.87578947368422
KOPPAL,zaid,116.58438596491229
KORAPUT,kharif,1004.7461403508772
KORAPUT,rabi,180.42285714285714
KORAPUT,zaid,130.5285964912281
KORBA,kharif,1117.9380701754387
KORBA,rabi,76.07236842105263
KORBA,zaid,60.22877192982456
KORIYA,kharif,995.1956140350877
KORIYA,rabi,75.78353982300885
KORIYA,zaid,66.2575221238938
KOTA,kharif,742.2376315789473
KOTA,rabi,43.941607142857144
KOTA,zaid,15.112017543859649
KOTTAYAM,kharif,1861.5583333333334
KOTTAYAM,rabi,656.4583333333334
KOTTAYAM,zaid,590.4833333333333
KOZHIKODE,kharif,2535.3416666666667
KOZHIKODE,rabi,472.2416666666666
KOZHIKODE,zaid,406.31666666666666
KRISHNA,kharif,553.239298245614
KRISHNA,rabi,271.93666666666667
KRISHNA,zaid,74.32736842105263
KRISHNAGIRI,kharif,380.68
KRISHNAGIRI,rabi,304.0142857142857
KRISHNAGIRI,zaid,200.54444444444445
KULGAM,kharif,356.64000000000004
KULGAM,rabi,186.85999999999999
KULGAM,zaid,544.58
KULLU,kharif,718.5709649122807
KULLU,rabi,90.73833333333333
KULLU,zaid,162.7823684210526
KUPWARA,kharif,206.42605263157895
KUPWARA,rabi,116.41
KUPWARA,zaid,242.04043859649124
KURNOOL,kharif,334.4811403508772
KURNOOL,rabi,155.53412280701752
KURNOOL,zaid,70.72175438596491
KURUKSHETRA,kharif,462.3933333333334
KURUKSHETRA,rabi,37.781769911504426
KURUKSHETRA,zaid,56.18380530973452
KURUNG KUMEY,kharif,
KURUNG KUMEY,rabi,
KURUNG KUMEY,zaid,
KUSHI NAGAR,kharif,981.8563551401869
KUSHI NAGAR,rabi,75.40514285714286
KUSHI NAGAR,zaid,57.88822429906542
KUTCH,kharif,332.3157894736842
KUTCH,rabi,17.662105263157894
KUTCH,zaid,5.562894736842105
LADAKH(LEH),kharif,111.73771929824562
LADAKH(LEH),rabi,57.47385964912281
LADAKH(LEH),zaid,91.92421052631579
LAHAUL AND SPITI,kharif,509.5797247706422
LAHAUL AND SPITI,rabi,86.23981651376147
LAHAUL AND SPITI,zaid,161.8077981651376
LAKHIMPUR,kharif,1462.8426315789472
LAKHIMPUR,rabi,181.86823008849558
LAKHIMPUR,zaid,571.1667256637168
LAKHISARAI,kharif,957.1628971962617
LAKHISARAI,rabi,98.15411214953271
LAKHISARAI,zaid,77.22028037383177
LAKSHADWEEP,kharif,1010.1750000000001
LAKSHADWEEP,rabi,372.19166666666666
LAKSHADWEEP,zaid,259.25
LALITPUR,kharif,975.4223684210526
LALITPUR,rabi,65.82046296296296
LALITPUR,zaid,27.716036036036037
LATEHAR,kharif,1077.3
LATEHAR,rabi,66.3
LATEHAR,zaid,84.925
LATUR,kharif,641.8328070175439
LATUR,rabi,105.25236842105264
LATUR,zaid,54.739649122807016
LAWNGTLAI,kharif,2497.4846078431374
LAWNGTLAI,rabi,337.0878431372549
LAWNGTLAI,zaid,458.29323529411766
LOHARDAGA,kharif,1097.6462385321101
LOHARDAGA,rabi,95.79906542056075
LOHARDAGA,zaid,93.98141509433962
LOHIT,kharif,1259.4649122807018
LOHIT,rabi,177.4115789473684
LOHIT,zaid,477.9927192982456
LONGLENG,kharif,
LONGLENG,rabi,
LONGLENG,zaid,
LOWER  DIBANG VALLEY,kharif,3369.675
LOWER  DIBANG VALLEY,rabi,322.48
LOWER  DIBANG VALLEY,zaid,1469.24
LOWER SUBANSIRI,kharif,1255.0477981651375
LOWER SUBANSIRI,rabi,134.06045871559633
LOWER SUBANSIRI,zaid,431.78284403669727
LUCKNOW,kharif,787.7832456140351
LUCKNOW,rabi,64.86348214285714
LUCKNOW,zaid,34.37982456140351
LUDHIANA,kharif,392.28201754385964
LUDHIANA,rabi,31.561874999999997
LUDHIANA,zaid,56.44456140350877
LUNGLEI,kharif,2074.832596153846
LUNGLEI,rabi,284.11038834951455
LUNGLEI,zaid,487.84288461538466
MADHEPURA,kharif,968.1049541284403
MADHEPURA,rabi,103.37555555555555
MADHEPURA,zaid,103.32770642201834
MADHUBANI,kharif,983.948947368421
MADHUBANI,rabi,103.59140186915889
MADHUBANI,zaid,102.11196261682242
MADURAI,kharif,580.8856637168142
MADURAI,rabi,493.56387387387383
MADURAI,zaid,297.20964601769913
MAHAMAYA NAGAR,kharif,596.4702654867257
MAHAMAYA NAGAR,rabi,33.250092592592594
MAHAMAYA NAGAR,zaid,31.936216216216216
MAHARAJGANJ,kharif,1027.9988596491228
MAHARAJGANJ,rabi,77.17412844036697
MAHARAJGANJ,zaid,67.30837837837838
MAHASAMUND,kharif,1132.032807017544
MAHASAMUND,rabi,68.09131578947368
MAHASAMUND,zaid,71.3909649122807
MAHBUBNAGAR,kharif,479.3347368421053
MAHBUBNAGAR,rabi,133.86875
MAHBUBNAGAR,zaid,67.06254385964913
MAHE,kharif,
MAHE,rabi,
MAHE,zaid,
MAHENDRAGARH,kharif,433.1826315789474
MAHENDRAGARH,rabi,23.364298245614037
MAHENDRAGARH,zaid,38.91736842105263
MAHISAGAR,kharif,747.9
MAHISAGAR,rabi,28.8
MAHISAGAR,zaid,0.8
MAHOBA,kharif,948.3390654205607
MAHOBA,rabi,67.54857142857144
MAHOBA,zaid,29.33373831775701
MAINPURI,kharif,667.7255357142857
MAINPURI,rabi,45.92660550458716
MAINPURI,zaid,26.541545454545457
MALAPPURAM,kharif,1940.5583333333334
MALAPPURAM,rabi,436.5916666666667
MALAPPURAM,zaid,314.425
MALDA,kharif,1104.3623684210527
MALDA,rabi,124.88392857142857
MALDA,zaid,153.8428947368421
MALKANGIRI,kharif,887.2033333333333
MALKANGIRI,rabi,182.136875
MALKANGIRI,zaid,101.26087719298245
MAMIT,kharif,1870.971568627451
MAMIT,rabi,255.98176470588234
MAMIT,zaid,612.3833009708738
MANDI,kharif,727.440701754386
MANDI,rabi,72.3561403508772
MANDI,zaid,119.1911403508772
MANDLA,kharif,1240.8662280701753
MANDLA,rabi,95.87184210526316
MANDLA,zaid,68.65228070175438
MANDSAUR,kharif,880.6675438596492
MANDSAUR,rabi,46.71868421052632
MANDSAUR,zaid,12.593070175438596
MANDYA,kharif,1134.002192982456
MANDYA,rabi,274.6565789473684
MANDYA,zaid,231.4607894736842
MANSA,kharif,285.0253271028037
MANSA,rabi,20.859809523809524
MANSA,zaid,41.53764150943396
MATHURA,kharif,585.6546491228071
MATHURA,rabi,29.546936936936937
MATHURA,zaid,32.34176991150442
MAU,kharif,852.6246902654867
MAU,rabi,69.84933962264151
MAU,zaid,40.181666666666665
MAYURBHANJ,kharif,1063.55149122807
MAYURBHANJ,rabi,144.5413392857143
MAYURBHANJ,zaid,197.24263157894737
MEDAK,kharif,677.8450877192982
MEDAK,rabi,110.99249999999999
MEDAK,zaid,66.41894736842106
MEERUT,kharif,579.8388596491228
MEERUT,rabi,43.272363636363636
MEERUT,zaid,52.47078947368421
MEHSANA,kharif,620.1743859649123
MEHSANA,rabi,23.36877192982456
MEHSANA,zaid,11.20780701754386
MEWAT,kharif,360.3
MEWAT,rabi,19.82
MEWAT,zaid,58.779999999999994
MIDNAPORE,kharif,1193.5000917431191
MIDNAPORE,rabi,171.3454128440367
MIDNAPORE,zaid,213.88311926605502
MIRZAPUR,kharif,920.3161403508772
MIRZAPUR,rabi,73.37440366972477
MIRZAPUR,zaid,51.650625
MOGA,kharif,309.9015789473684
MOGA,rabi,24.676964285714288
MOGA,zaid,50.732280701754384
MOKOKCHUNG,kharif,1352.7252884615384
MOKOKCHUNG,rabi,197.8223300970874
MOKOKCHUNG,zaid,512.1031730769231
MON,kharif,1353.1014150943397
MON,rabi,196.79097087378642
MON,zaid,491.3770754716981
MONGHYR,kharif,975.7145614035088
MONGHYR,rabi,101.81216981132076
MONGHYR,zaid,85.68803738317757
MORADABAD,kharif,727.6116666666667
MORADABAD,rabi,48.70163636363637
MORADABAD,zaid,51.49371681415929
MORBI,kharif,618.2
MORBI,rabi,38.300000000000004
MORBI,zaid,0.0
MORENA,kharif,734.416403508772
MORENA,rabi,37.251769911504425
MORENA,zaid,23.661592920353986
MORIGAON,kharif,1063.6916666666666
MORIGAON,rabi,152.20909090909092
MORIGAON,zaid,336.43636363636364
MUKTSAR,kharif,243.39274336283188
MUKTSAR,rabi,18.924054054054057
MUKTSAR,zaid,45.74684210526316
MUMBAI CITY,kharif,2358.3083333333334
MUMBAI CITY,rabi,108.06666666666666
MUMBAI CITY,zaid,15.025
MUMBAI SUBURBAN,kharif,2479.34
MUMBAI SUBURBAN,rabi,77.4
MUMBAI SUBURBAN,zaid,5.3
MUNGELI,kharif,793.1
MUNGELI,rabi,31.3
MUNGELI,zaid,18.2
MURSHIDABAD,kharif,1089.558859649123
MURSHIDABAD,rabi,126.60297297297298
MURSHIDABAD,zaid,180.33442477876108
MUZAFFARNAGAR,kharif,575.4715044247788
MUZAFFARNAGAR,rabi,43.34227272727272
MUZAFFARNAGAR,zaid,55.29796460176991
MUZAFFARPUR,kharif,955.2934210526315
MUZAFFARPUR,rabi,100.45666666666666
MUZAFFARPUR,zaid,76.97725663716814
MYSURU,kharif,1788.180701754386
MYSURU,rabi,333.4087719298245
MYSURU,zaid,278.9663157894737
N C HILLS,kharif,949.1166666666667
N C HILLS,rabi,170.66
N C HILLS,zaid,739.62
NADIA,kharif,1088.7488596491228
NADIA,rabi,133.91464285714287
NADIA,zaid,210.13228070175438
NAGAON,kharif,2237.535350877193
NAGAON,rabi,253.48557522123892
NAGAON,zaid,798.3675221238938
NAGAPATTINAM,kharif,284.000796460177
NAGAPATTINAM,rabi,643.1333333333333
NAGAPATTINAM,zaid,116.6
NAGAUR,kharif,364.62885964912283
NAGAUR,rabi,16.861964285714286
NAGAUR,zaid,26.82219298245614
NAGPUR,kharif,973.0409649122807
NAGPUR,rabi,79.69394736842106
NAGPUR,zaid,57.37815789473684
NAINITAL,kharif,981.5365789473684
NAINITAL,rabi,68.4427027027027
NAINITAL,zaid,87.9519298245614
NALANDA,kharif,930.9391818181819
NALANDA,rabi,90.90592592592593
NALANDA,zaid,63.220925925925926
NALGONDA,kharif,527.0607476635514
NALGONDA,rabi,157.42714285714285
NALGONDA,zaid,66.38429906542056
NAMAKKAL,kharif,361.81389380530976
NAMAKKAL,rabi,342.201981981982
NAMAKKAL,zaid,167.25601769911503
NAMBARI,kharif,1851.5662280701754
NAMBARI,rabi,173.81707964601767
NAMBARI,zaid,682.7925663716813
NANDED,kharif,753.6173684210527
NANDED,rabi,94.72491228070174
NANDED,zaid,48.73548672566371
NANDURBAR,kharif,1354.997543859649
NANDURBAR,rabi,61.4327027027027
NANDURBAR,zaid,10.10495575221239
NARAYANPUR,kharif,1310.3200000000002
NARAYANPUR,rabi,108.52000000000001
NARAYANPUR,zaid,56.96
NARMADA,kharif,1364.9470175438596
NARMADA,rabi,47.767105263157895
NARMADA,zaid,6.3093859649122805
NARSINGHPUR,kharif,1053.132894736842
NARSINGHPUR,rabi,76.82526315789474
NARSINGHPUR,zaid,46.460087719298244
NASHIK,kharif,1173.800087719298
NASHIK,rabi,77.4809649122807
NASHIK,zaid,21.185614035087717
NAVSARI,kharif,1803.575
NAVSARI,rabi,31.95
NAVSARI,zaid,1.825
NAWADA,kharif,981.9425233644859
NAWADA,rabi,94.93738317757008
NAWADA,zaid,76.33018691588785
NAWANSHAHAR,kharif,498.51
NAWANSHAHAR,rabi,43.78223214285714
NAWANSHAHAR,zaid,69.96859649122807
NAWAPARA,kharif,1148.5697368421052
NAWAPARA,rabi,85.80142857142857
NAWAPARA,zaid,92.09236842105264
NAWARANGPUR,kharif,1191.0872321428571
NAWARANGPUR,rabi,128.166
NAWARANGPUR,zaid,125.71723214285714
NAYAGARH,kharif,888.2915789473685
NAYAGARH,rabi,217.83625
NAYAGARH,zaid,119.28859649122806
NEEMUCH,kharif,806.7242105263158
NEEMUCH,rabi,44.833684210526314
NEEMUCH,zaid,14.311929824561403
NELLORE,kharif,373.4654385964912
NELLORE,rabi,420.8016666666667
NELLORE,zaid,75.73245614035088
NEW DELHI,kharif,500.55130841121496
NEW DELHI,rabi,33.041308411214956
NEW DELHI,zaid,43.92906542056075
NICOBAR,kharif,1115.55
NICOBAR,rabi,948.4499999999999
NICOBAR,zaid,524.975
NILGIRIS,kharif,1752.9370796460178
NILGIRIS,rabi,442.8834234234234
NILGIRIS,zaid,316.3293805309735
NIZAMABAD,kharif,760.9676315789474
NIZAMABAD,rabi,107.97749999999999
NIZAMABAD,zaid,60.2009649122807
NORTH 24 PARGANAS,kharif,1205.6677192982456
NORTH 24 PARGANAS,rabi,192.53045045045047
NORTH 24 PARGANAS,zaid,205.07631578947368
NORTH CACHAR HILLS,kharif,2290.7588235294115
NORTH CACHAR HILLS,rabi,291.22647058823526
NORTH CACHAR HILLS,zaid,956.3368627450981
NORTH DELHI,kharif,509.5
NORTH DELHI,rabi,39.42
NORTH DELHI,zaid,93.03999999999999
NORTH DINAJPUR,kharif,1240.0644736842105
NORTH DINAJPUR,rabi,114.49048543689321
NORTH DINAJPUR,zaid,179.80556603773584
NORTH EAST DELHI,kharif,304.7
NORTH EAST DELHI,rabi,13.0
NORTH EAST DELHI,zaid,31.4
NORTH GOA,kharif,2936.34
NORTH GOA,rabi,186.18
NORTH GOA,zaid,73.2
NORTH SIKKIM,kharif,1685.5947169811323
NORTH SIKKIM,rabi,129.99048076923077
NORTH SIKKIM,zaid,312.45962264150944
NORTH TRIPURA,kharif,1786.4035964912282
NORTH TRIPURA,rabi,241.86267857142857
NORTH TRIPURA,zaid,688.7106140350877
NORTH WEST DELHI,kharif,417.41999999999996
NORTH WEST DELHI,rabi,28.660000000000004
NORTH WEST DELHI,zaid,68.92
OSMANABAD,kharif,543.473596491228
OSMANABAD,rabi,111.9940350877193
OSMANABAD,zaid,52.05
PAKUR,kharif,1115.6468224299067
PAKUR,rabi,124.90663551401869
PAKUR,zaid,139.41158878504675
PALAKKAD,kharif,1650.7416666666668
PALAKKAD,rabi,355.64166666666665
PALAKKAD,zaid,308.40833333333336
PALAMU,kharif,1022.2255263157896
PALAMU,rabi,92.66723214285715
PALAMU,zaid,77.47938596491228
PALGHAR,kharif,3038.0
PALGHAR,rabi,127.44999999999999
PALGHAR,zaid,4.0
PALI,kharif,483.1466666666667
PALI,rabi,20.37544642857143
PALI,zaid,17.902631578947368
PALWAL,kharif,294.86
PALWAL,rabi,23.6
PALWAL,zaid,52.14
PANCHKULA,kharif,567.5479824561404
PANCHKULA,rabi,49.7425
PANCHKULA,zaid,72.14070175438597
PANCHMAHAL,kharif,875.4991228070174
PANCHMAHAL,rabi,29.81184210526316
PANCHMAHAL,zaid,8.559736842105263
PANIPAT,kharif,434.896052631579
PANIPAT,rabi,32.19070796460177
PANIPAT,zaid,45.226875
PANNA,kharif,1050.3922807017543
PANNA,rabi,72.47543859649123
PANNA,zaid,42.00088495575221
PAPUMPARA,kharif,2248.7166666666667
PAPUMPARA,rabi,208.0583333333333
PAPUMPARA,zaid,913.6083333333332
PARBHANI,kharif,659.4550877192983
PARBHANI,rabi,95.89438596491227
PARBHANI,zaid,43.92991228070176
PAREN,kharif,
PAREN,rabi,
PAREN,zaid,
PATAN,kharif,520.5188596491229
PATAN,rabi,22.310526315789474
PATAN,zaid,7.572894736842105
PATHANAMTHITTA,kharif,1615.3083333333334
PATHANAMTHITTA,rabi,698.1416666666668
PATHANAMTHITTA,zaid,616.4916666666667
PATIALA,kharif,442.7519298245614
PATIALA,rabi,34.91633928571429
PATIALA,zaid,57.616491228070174
PATNA,kharif,928.460701754386
PATNA,rabi,89.05570175438596
PATNA,zaid,65.59078947368421
PERAMBALUR,kharif,327.29938053097345
PERAMBALUR,rabi,388.9543243243243
PERAMBALUR,zaid,135.0891150442478
PHEK,kharif,1331.3111504424778
PHEK,rabi,201.40432432432434
PHEK,zaid,434.65771929824564
PILIBHIT,kharif,861.3502631578948
PILIBHIT,rabi,66.29268518518518
PILIBHIT,zaid,59.84376146788991
PITHORAGARH,kharif,974.1035135135136
PITHORAGARH,rabi,109.2652336448598
PITHORAGARH,zaid,179.84212962962962
POONCH,kharif,592.8254807692308
POONCH,rabi,122.94009615384616
POONCH,zaid,225.21778846153848
PORBANDAR,kharif,892.1916666666666
PORBANDAR,rabi,25.416666666666668
PORBANDAR,zaid,4.008333333333333
PRAKASHAM,kharif,380.00482456140355
PRAKASHAM,rabi,281.56350877192983
PRAKASHAM,zaid,65.68728070175439
PRATAPGARH_RJ,kharif,983.18
PRATAPGARH_RJ,rabi,48.06666666666666
PRATAPGARH_RJ,zaid,14.080000000000002
PRATAPGARH_UP,kharif,855.9038596491229
PRATAPGARH_UP,rabi,66.85945454545454
PRATAPGARH_UP,zaid,38.5683185840708
PUDUCHERRY,kharif,341.02477876106195
PUDUCHERRY,rabi,668.9010810810811
PUDUCHERRY,zaid,109.77858407079646
PUDUKKOTTAI,kharif,250.0932743362832
PUDUKKOTTAI,rabi,476.85441441441446
PUDUKKOTTAI,zaid,139.60407079646018
PULWAMA,kharif,465.270701754386
PULWAMA,rabi,128.09587719298247
PULWAMA,zaid,248.0234210526316
PUNE,kharif,1212.3139473684212
PUNE,rabi,108.21815789473685
PUNE,zaid,40.63850877192982
PURI,kharif,848.2045614035087
PURI,rabi,226.17160714285714
PURI,zaid,100.43008771929826
PURNEA,kharif,1078.0691228070175
PURNEA,rabi,105.63622807017545
PURNEA,zaid,133.21877192982456
PURULIA,kharif,1062.435701754386
PURULIA,rabi,112.8943119266055
PURULIA,zaid,144.39747747747748
RAE BAREILLY,kharif,818.6672807017544
RAE BAREILLY,rabi,65.07445454545454
RAE BAREILLY,zaid,30.575
RAICHUR,kharif,338.1800877192982
RAICHUR,rabi,156.384649122807
RAICHUR,zaid,82.21561403508773
RAIGARH_CH,kharif,1229.0187826086956
RAIGARH_CH,rabi,65.80060869565217
RAIGARH_CH,zaid,67.61508771929824
RAIGARH_MH,kharif,3373.285714285714
RAIGARH_MH,rabi,153.65
RAIGARH_MH,zaid,8.571428571428571
RAIPUR,kharif,1106.3648245614036
RAIPUR,rabi,75.56815789473684
RAIPUR,zaid,70.29078947368421
RAISEN,kharif,1115.7486842105263
RAISEN,rabi,61.74236842105263
RAISEN,zaid,28.177280701754388
RAJGARH,kharif,885.7865789473684
RAJGARH,rabi,53.43684210526316
RAJGARH,zaid,17.22274336283186
RAJKOT,kharif,629.7212280701755
RAJKOT,rabi,34.73982456140351
RAJKOT,zaid,8.355877192982456
RAJNANDGAON,kharif,1113.9893859649121
RAJNANDGAON,rabi,79.88263157894738
RAJNANDGAON,zaid,55.83219298245614
RAJOURI,kharif,549.4982242990654
RAJOURI,rabi,94.3329906542056
RAJOURI,zaid,173.6747663551402
RAJSAMAND,kharif,559.1634210526315
RAJSAMAND,rabi,29.398482142857144
RAJSAMAND,zaid,21.454561403508773
RAMANAGARA,kharif,488.08000000000004
RAMANAGARA,rabi,203.16
RAMANAGARA,zaid,222.66000000000003
RAMANATHAPURAM,kharif,227.34061946902656
RAMANATHAPURAM,rabi,564.1807207207207
RAMANATHAPURAM,zaid,222.0133628318584
RAMBAN,kharif,491.21999999999997
RAMBAN,rabi,272.21999999999997
RAMBAN,zaid,721.9
RAMGARH,kharif,1017.1200000000001
RAMGARH,rabi,192.66666666666666
RAMGARH,zaid,116.8
RAMPUR,kharif,754.7383035714286
RAMPUR,rabi,52.37716981132076
RAMPUR,zaid,53.88388888888889
RANCHI,kharif,1067.8373684210526
RANCHI,rabi,100.21552631578948
RANCHI,zaid,115.49710526315789
RANGAREDDY,kharif,629.1702631578947
RANGAREDDY,rabi,117.22
RANGAREDDY,zaid,67.31447368421053
RATLAM,kharif,884.1350877192982
RATLAM,rabi,41.917719298245615
RATLAM,zaid,9.668070175438597
RATNAGIRI,kharif,3346.258333333333
RATNAGIRI,rabi,165.08
RATNAGIRI,zaid,45.28333333333333
RAYAGADA,kharif,996.959298245614
RAYAGADA,rabi,148.48142857142855
RAYAGADA,zaid,128.27833333333334
REASI,kharif,1647.8799999999999
REASI,rabi,196.92000000000002
REASI,zaid,481.8
REWA,kharif,957.5463157894736
REWA,rabi,75.47185840707964
REWA,zaid,50.26831858407079
REWARI,kharif,454.0282456140351
REWARI,rabi,26.396486486486488
REWARI,zaid,39.328818181818185
RI-BHOI,kharif,935.2
RI-BHOI,rabi,108.33333333333333
RI-BHOI,zaid,357.9
ROHTAK,kharif,400.76114035087716
ROHTAK,rabi,24.720964912280703
ROHTAK,zaid,39.63026315789474
ROHTAS,kharif,910.0994736842105
ROHTAS,rabi,80.65710526315789
ROHTAS,zaid,57.603539823008845
ROPAR,kharif,546.4084210526315
ROPAR,rabi,47.12383928571428
ROPAR,zaid,72.51043859649123
RUDRAPRAYAG,kharif,897.0363157894736
RUDRAPRAYAG,rabi,91.05867924528302
RUDRAPRAYAG,zaid,150.4802777777778
SABARKANTHA,kharif,791.6400877192982
SABARKANTHA,rabi,21.898859649122805
SABARKANTHA,zaid,13.826491228070175
SAGAR,kharif,1082.8254385964913
SAGAR,rabi,68.1498245614035
SAGAR,zaid,30.73543859649123
SAHARANPUR,kharif,631.2516666666667
SAHARANPUR,rabi,50.241376146788994
SAHARANPUR,zaid,66.35348214285715
SAHARSA,kharif,955.9537719298245
SAHARSA,rabi,102.10420560747663
SAHARSA,zaid,91.95850467289719
SAHIBGANJ,kharif,1096.6224074074073
SAHIBGANJ,rabi,119.72906542056074
SAHIBGANJ,zaid,135.66869158878504
SAHUJI MAHARAJ NAGAR,kharif,948.2972972972973
SAHUJI MAHARAJ NAGAR,rabi,71.77305555555556
SAHUJI MAHARAJ NAGAR,zaid,41.3390990990991
SAIHA,kharif,2431.5950961538465
SAIHA,rabi,333.39747572815537
SAIHA,zaid,455.63801886792453
SALEM,kharif,351.40336283185843
SALEM,rabi,332.4510810810811
SALEM,zaid,154.56132743362832
SAMASTIPUR,kharif,936.6872807017544
SAMASTIPUR,rabi,105.5987962962963
SAMASTIPUR,zaid,74.50944444444445
SAMBA,kharif,803.58
SAMBA,rabi,75.34
SAMBA,zaid,174.14000000000001
SAMBALPUR,kharif,1182.6142105263157
SAMBALPUR,rabi,75.36446428571428
SAMBALPUR,zaid,92.31236842105264
SANGLI,kharif,1020.7277192982457
SANGLI,rabi,145.19598214285716
SANGLI,zaid,76.38140350877192
SANGRUR,kharif,324.7952631578948
SANGRUR,rabi,24.417142857142856
SANGRUR,zaid,49.496228070175434
SANT KABIR NAGAR,kharif,922.1377570093458
SANT KABIR NAGAR,rabi,66.47980952380952
SANT KABIR NAGAR,zaid,43.655981308411214
SANT RAVIDAS NAGAR,kharif,892.4331858407079
SANT RAVIDAS NAGAR,rabi,72.1012037037037
SANT RAVIDAS NAGAR,zaid,45.79258928571429
SARAN,kharif,894.9425454545454
SARAN,rabi,85.52554545454545
SARAN,zaid,58.48198198198198
SAS NAGAR MOHALI,kharif,499.86
SAS NAGAR MOHALI,rabi,62.0
SAS NAGAR MOHALI,zaid,96.36
SATARA,kharif,1488.869561403509
SATARA,rabi,141.08473214285715
SATARA,zaid,52.03710526315789
SATNA,kharif,1017.8029824561403
SATNA,rabi,75.75973684210527
SATNA,zaid,49.390701754385965
SAWAI MADHOPUR,kharif,662.4121052631579
SAWAI MADHOPUR,rabi,30.19116071428571
SAWAI MADHOPUR,zaid,21.78201754385965
SEHORE,kharif,991.6780701754386
SEHORE,rabi,60.826725663716815
SEHORE,zaid,22.707321428571426
SENAPATI,kharif,1414.9235185185184
SENAPATI,rabi,228.13133333333334
SENAPATI,zaid,569.3227102803738
SEONI,kharif,1061.4102631578949
SEONI,rabi,91.2630701754386
SEONI,zaid,66.2319298245614
SERAIKALA-KHARSAWAN,kharif,936.0600000000001
SERAIKALA-KHARSAWAN,rabi,60.8
SERAIKALA-KHARSAWAN,zaid,110.925
SERCHHIP,kharif,1820.575
SERCHHIP,rabi,199.45
SERCHHIP,zaid,310.42499999999995
SHAHDOL,kharif,1011.9018421052631
SHAHDOL,rabi,81.17230088495575
SHAHDOL,zaid,68.89026548672567
SHAHJAHANPUR,kharif,764.3139473684209
SHAHJAHANPUR,rabi,58.13999999999999
SHAHJAHANPUR,zaid,45.74097345132743
SHAJAPUR,kharif,917.3793859649123
SHAJAPUR,rabi,59.09105263157895
SHAJAPUR,zaid,15.95438596491228
SHEIKHPURA,kharif,955.0021495327103
SHEIKHPURA,rabi,95.6422429906542
SHEIKHPURA,zaid,68.28186915887851
SHEOHAR,kharif,983.8035514018691
SHEOHAR,rabi,102.5336448598131
SHEOHAR,zaid,80.19420560747665
SHEOPUR,kharif,734.7888596491227
SHEOPUR,rabi,36.523539823008846
SHEOPUR,zaid,18.29504424778761
SHIMLA,kharif,744.3099122807017
SHIMLA,rabi,76.53289473684211
SHIMLA,zaid,127.0898245614035
SHIVAMOGGA,kharif,1946.6146491228071
SHIVAMOGGA,rabi,196.2307894736842
SHIVAMOGGA,zaid,152.69824561403507
SHIVPURI,kharif,836.3550877192982
SHIVPURI,rabi,46.46271929824562
SHIVPURI,zaid,21.695964912280704
SHOLAPUR,kharif,526.1419298245614
SHOLAPUR,rabi,124.07607142857144
SHOLAPUR,zaid,61.4669298245614
SHONITPUR,kharif,1524.770350877193
SHONITPUR,rabi,164.29292035398228
SHONITPUR,zaid,578.8738938053098
SHOPIAN,kharif,352.0
SHOPIAN,rabi,105.25
SHOPIAN,zaid,392.25
SHRAWASTI NAGAR,kharif,974.8490265486726
SHRAWASTI NAGAR,rabi,75.40278846153846
SHRAWASTI NAGAR,zaid,54.090970873786404
SIBSAGAR,kharif,1373.65850877193
SIBSAGAR,rabi,195.51407079646017
SIBSAGAR,zaid,552.3418584070796
SIDDHARTH NAGAR,kharif,1019.7071929824561
SIDDHARTH NAGAR,rabi,70.33594339622641
SIDDHARTH NAGAR,zaid,50.230000000000004
SIDHI,kharif,949.4792105263158
SIDHI,rabi,74.41043859649123
SIDHI,zaid,60.93079646017699
SIKAR,kharif,415.20631578947365
SIKAR,rabi,20.35598214285714
SIKAR,zaid,33.47298245614035
SIKKIM,kharif,6575.484403669725
SIKKIM,rabi,488.74284403669725
SIKKIM,zaid,1164.4060550458714
SIMDEGA,kharif,1184.04
SIMDEGA,rabi,53.525000000000006
SIMDEGA,zaid,74.975
SINDHUDURG,kharif,2964.6583333333333
SINDHUDURG,rabi,224.8
SINDHUDURG,zaid,68.09166666666665
SINGRAULI,kharif,796.78
SINGRAULI,rabi,84.74
SINGRAULI,zaid,57.279999999999994
SIRMAUR,kharif,712.854298245614
SIRMAUR,rabi,62.42
SIRMAUR,zaid,91.46666666666667
SIROHI,kharif,609.8807894736842
SIROHI,rabi,23.5575
SIROHI,zaid,13.88982456140351
SIRSA,kharif,253.12491228070178
SIRSA,rabi,17.435526315789474
SIRSA,zaid,39.39333333333334
SITAMARHI,kharif,1030.3051754385965
SITAMARHI,rabi,104.07476635514018
SITAMARHI,zaid,95.38814814814815
SITAPUR,kharif,825.1066666666667
SITAPUR,rabi,70.42126126126126
SITAPUR,zaid,46.143750000000004
SIVAGANGA,kharif,262.09849557522125
SIVAGANGA,rabi,490.36207207207207
SIVAGANGA,zaid,187.83654867256635
SIWAN,kharif,898.1835964912281
SIWAN,rabi,72.87953271028037
SIWAN,zaid,49.08065420560748
SOLAN,kharif,631.573947368421
SOLAN,rabi,59.50780701754386
SOLAN,zaid,92.72043859649122
SONBHADRA,kharif,951.9879824561403
SONBHADRA,rabi,80.59863636363637
SONBHADRA,zaid,59.47982300884956
SONEPAT,kharif,444.5434210526316
SONEPAT,rabi,31.151754385964914
SONEPAT,zaid,43.45333333333333
SONEPUR,kharif,1082.3049122807017
SONEPUR,rabi,81.28267857142858
SONEPUR,zaid,91.65885964912282
SOUTH 24 PARGANAS,kharif,1085.0659649122808
SOUTH 24 PARGANAS,rabi,190.20258928571428
SOUTH 24 PARGANAS,zaid,169.11333333333334
SOUTH ANDAMAN,kharif,1792.7400000000002
SOUTH ANDAMAN,rabi,829.5799999999999
SOUTH ANDAMAN,zaid,436.46000000000004
SOUTH DELHI,kharif,550.5
SOUTH DELHI,rabi,38.22
SOUTH DELHI,zaid,109.78
SOUTH DINAJPUR,kharif,1155.6700877192982
SOUTH DINAJPUR,rabi,126.87783783783784
SOUTH DINAJPUR,zaid,181.5975221238938
SOUTH GARO HILLS,kharif,1294.5
SOUTH GARO HILLS,rabi,89.0
SOUTH GARO HILLS,zaid,325.0
SOUTH GOA,kharif,2792.42
SOUTH GOA,rabi,167.95999999999998
SOUTH GOA,zaid,77.26
SOUTH SIKKIM,kharif,1667.176509433962
SOUTH SIKKIM,rabi,122.63346153846153
SOUTH SIKKIM,zaid,290.16075471698116
SOUTH TRIPURA,kharif,2040.5283333333334
SOUTH TRIPURA,rabi,265.94342342342344
SOUTH TRIPURA,zaid,533.1785087719298
SOUTH WEST DELHI,kharif,533.6
SOUTH WEST DELHI,rabi,36.540000000000006
SOUTH WEST DELHI,zaid,97.5
SRI GANGANAGAR,kharif,187.31672566371682
SRI GANGANAGAR,rabi,11.971981981981983
SRI GANGANAGAR,zaid,36.72911504424779
SRIKAKULAM,kharif,622.9764035087719
SRIKAKULAM,rabi,255.91456140350877
SRIKAKULAM,zaid,99.06894736842106
SRINAGAR,kharif,400.629649122807
SRINAGAR,rabi,138.20412280701754
SRINAGAR,zaid,280.705350877193
SUKMA,kharif,1466.25
SUKMA,rabi,151.25
SUKMA,zaid,1.9
SULTANPUR,kharif,837.0462280701755
SULTANPUR,rabi,63.70330357142858
SULTANPUR,zaid,37.38114035087719
SUNDARGARH,kharif,1236.9866666666667
SUNDARGARH,rabi,75.22267857142857
SUNDARGARH,zaid,91.50692982456141
SUPAUL,kharif,1018.8647706422017
SUPAUL,rabi,103.98064220183485
SUPAUL,zaid,118.26385321100918
SURAJPUR,kharif,854.0999999999999
SURAJPUR,rabi,32.35
SURAJPUR,zaid,20.15
SURAT,kharif,1121.8706140350878
SURAT,rabi,45.17947368421053
SURAT,zaid,6.029561403508772
SURENDRANAGAR,kharif,565.5436842105263
SURENDRANAGAR,rabi,30.839824561403507
SURENDRANAGAR,zaid,7.798245614035087
SURGUJA,kharif,1110.178596491228
SURGUJA,rabi,83.79859649122808
SURGUJA,zaid,65.93333333333334
TAMENGLONG,kharif,1809.3127450980392
TAMENGLONG,rabi,272.7075490196078
TAMENGLONG,zaid,778.3442156862745
TAPI,kharif,1039.98
TAPI,rabi,54.2
TAPI,zaid,2.0
TARN TARAN,kharif,257.24
TARN TARAN,rabi,39.93333333333334
TARN TARAN,zaid,92.7
TAWANG,kharif,1535.4447321428572
TAWANG,rabi,141.04283185840708
TAWANG,zaid,471.78543859649125
THANE,kharif,2680.233333333333
THANE,rabi,95.23333333333333
THANE,zaid,7.4818181818181815
THANJAVUR,kharif,300.9144247787611
THANJAVUR,rabi,514.4386486486487
THANJAVUR,zaid,117.73221238938054
THENI,kharif,1232.9332743362831
THENI,rabi,568.9198198198198
THENI,zaid,440.7382300884956
THIRUVANANTHAPURAM,kharif,841.3666666666667
THIRUVANANTHAPURAM,rabi,612.3166666666667
THIRUVANANTHAPURAM,zaid,461.48333333333335
THOUBAL,kharif,1717.3900952380952
THOUBAL,rabi,258.1092233009709
THOUBAL,zaid,592.5705660377358
THRISSUR,kharif,2033.7250000000001
THRISSUR,rabi,469.0
THRISSUR,zaid,372.23333333333335
TIKAMGARH,kharif,952.6046491228071
TIKAMGARH,rabi,64.68684210526315
TIKAMGARH,zaid,28.5019298245614
TINSUKIA,kharif,1365.987807017544
TINSUKIA,rabi,196.6229203539823
TINSUKIA,zaid,537.638407079646
TIRAP,kharif,1385.5518421052632
TIRAP,rabi,194.40893805309733
TIRAP,zaid,484.3678761061947
TIRUNELVELI,kharif,534.5964601769912
TIRUNELVELI,rabi,468.0774774774775
TIRUNELVELI,zaid,286.5474336283186
TIRUPPUR,kharif,167.7
TIRUPPUR,rabi,263.85
TIRUPPUR,zaid,111.4
TIRUVALLUR,kharif,436.28619469026546
TIRUVALLUR,rabi,561.1899999999999
TIRUVALLUR,zaid,93.96247787610619
TIRUVANNAMALAI,kharif,406.2691150442478
TIRUVANNAMALAI,rabi,449.59972972972975
TIRUVANNAMALAI,zaid,141.87893805309733
TIRUVARUR,kharif,295.6515044247788
TIRUVARUR,rabi,651.2711711711712
TIRUVARUR,zaid,151.72566371681415
TONK,kharif,580.5785964912282
TONK,rabi,26.850446428571427
TONK,zaid,20.177719298245616
TOOTHUKUDI,kharif,278.06927927927927
TOOTHUKUDI,rabi,457.9107339449541
TOOTHUKUDI,zaid,226.74774774774775
TRICHY,kharif,325.53079646017704
TRICHY,rabi,394.93036036036034
TRICHY,zaid,164.35823008849556
TUENSANG,kharif,1300.5110185185185
TUENSANG,rabi,191.63801886792453
TUENSANG,zaid,413.3771028037383
TUMAKURU,kharif,587.9604385964913
TUMAKURU,rabi,227.3501754385965
TUMAKURU,zaid,178.76377192982457
UDAIPUR,kharif,741.0207894736842
UDAIPUR,rabi,28.09348214285714
UDAIPUR,zaid,16.131666666666668
UDALGURI,kharif,1135.74
UDALGURI,rabi,96.64
UDALGURI,zaid,547.0600000000001
UDHAM SINGH NAGAR,kharif,901.0284821428571
UDHAM SINGH NAGAR,rabi,63.40688073394496
UDHAM SINGH NAGAR,zaid,73.33684684684685
UDHAMPUR,kharif,632.0622807017544
UDHAMPUR,rabi,96.35140350877192
UDHAMPUR,zaid,164.09315789473683
UDUPI,kharif,3733.066666666667
UDUPI,rabi,345.14166666666665
UDUPI,zaid,229.91666666666666
UJJAIN,kharif,883.0485964912281
UJJAIN,rabi,52.984736842105264
UJJAIN,zaid,12.565964912280702
UKHRUL,kharif,1337.323725490196
UKHRUL,rabi,219.1493137254902
UKHRUL,zaid,474.91223300970876
UMARIA,kharif,1063.3936842105263
UMARIA,rabi,86.62201754385964
UMARIA,zaid,68.49
UNA,kharif,614.9431578947368
UNA,rabi,57.00008771929825
UNA,zaid,90.00298245614036
UNNAO,kharif,766.7938938053096
UNNAO,rabi,64.84844036697248
UNNAO,zaid,29.92648648648649
UPPER SIANG,kharif,2518.883333333333
UPPER SIANG,rabi,408.31666666666666
UPPER SIANG,zaid,1434.98
UPPER SUBANSIRI,kharif,1161.136371681416
UPPER SUBANSIRI,rabi,120.72947368421052
UPPER SUBANSIRI,zaid,382.0299122807018
UTTARA KANNADA,kharif,2592.975
UTTARA KANNADA,rabi,203.75
UTTARA KANNADA,zaid,150.93333333333334
UTTARKASHI,kharif,846.8421238938054
UTTARKASHI,rabi,84.88330188679245
UTTARKASHI,zaid,141.29999999999998
VADODARA,kharif,924.4392105263157
VADODARA,rabi,35.81745614035088
VADODARA,zaid,7.407982456140351
VAISHALI,kharif,913.595625
VAISHALI,rabi,98.58796296296296
VAISHALI,zaid,71.03242990654206
VALSAD,kharif,2222.2000000000003
VALSAD,rabi,51.84166666666667
VALSAD,zaid,1.7083333333333333
VARANASI,kharif,881.5182456140351
VARANASI,rabi,70.48837837837839
VARANASI,zaid,47.34219298245614
VELLORE,kharif,425.2695575221239
VELLORE,rabi,374.3390990990991
VELLORE,zaid,145.81637168141592
VIDISHA,kharif,974.3195614035088
VIDISHA,rabi,55.07833333333333
VIDISHA,zaid,27.294473684210526
VILLUPURAM,kharif,368.5430088495575
VILLUPURAM,rabi,504.2465765765766
VILLUPURAM,zaid,132.80761061946902
VIRUDHUNAGAR,kharif,530.2122123893805
VIRUDHUNAGAR,rabi,522.3591891891892
VIRUDHUNAGAR,zaid,306.07849557522127
VISHAKHAPATNAM,kharif,726.2427192982456
VISHAKHAPATNAM,rabi,271.6093859649123
VISHAKHAPATNAM,zaid,101.28684210526316
VIZIANAGARAM,kharif,755.6409649122808
VIZIANAGARAM,rabi,244.09122807017545
VIZIANAGARAM,zaid,121.8580701754386
WARANGAL,kharif,664.3841228070174
WARANGAL,rabi,128.04973214285715
WARANGAL,zaid,66.61850877192983
WARDHA,kharif,910.1674561403509
WARDHA,rabi,83.72214285714286
WARDHA,zaid,49.23184210526316
WASHIM,kharif,730.1049122807018
WASHIM,rabi,97.87776785714286
WASHIM,zaid,34.91318584070797
WAYANAD,kharif,1911.7416666666668
WAYANAD,rabi,304.5416666666667
WAYANAD,zaid,333.44166666666666
WEST CHAMPARAN,kharif,1172.2907017543862
WEST CHAMPARAN,rabi,89.16824074074074
WEST CHAMPARAN,zaid,89.22055555555555
WEST DELHI,kharif,437.93999999999994
WEST DELHI,rabi,38.0
WEST DELHI,zaid,90.225
WEST GARO HILLS,kharif,1589.416261682243
WEST GARO HILLS,rabi,176.92790476190476
WEST GARO HILLS,zaid,502.4697196261682
WEST GODAVRI,kharif,645.564298245614
WEST GODAVRI,rabi,255.34570175438597
WEST GODAVRI,zaid,70.64675438596491
WEST KAMENG,kharif,1517.2684210526315
WEST KAMENG,rabi,144.5130701754386
WEST KAMENG,zaid,477.4998245614035
WEST KHASI HILLS,kharif,2250.275192307692
WEST KHASI HILLS,rabi,242.0883333333333
WEST KHASI HILLS,zaid,835.9205714285714
WEST MIDNAPORE,kharif,1092.76
WEST MIDNAPORE,rabi,174.4
WEST MIDNAPORE,zaid,221.54000000000002
WEST SIANG,kharif,1138.935909090909
WEST SIANG,rabi,126.59954128440367
WEST SIANG,zaid,390.1563063063063
WEST SIKKIM,kharif,1682.6036792452828
WEST SIKKIM,rabi,124.51913461538462
WEST SIKKIM,zaid,292.80361904761907
WEST SINGBHUM,kharif,1023.8005405405405
WEST SINGBHUM,rabi,102.39649122807018
WEST SINGBHUM,zaid,135.41513513513513
WEST TRIPURA,kharif,1662.010087719298
WEST TRIPURA,rabi,217.9361261261261
WEST TRIPURA,zaid,553.845701754386
WOKHA,kharif,1352.335192307692
WOKHA,rabi,203.80990196078432
WOKHA,zaid,549.1504807692307
YADGIR,kharif,464.3
YADGIR,rabi,91.26
YADGIR,zaid,64.53999999999999
YAMUNA NAGAR,kharif,603.4148245614034
YAMUNA NAGAR,rabi,48.57114035087719
YAMUNA NAGAR,zaid,68.70359649122807
YANAM,kharif,764.2421568627451
YANAM,rabi,334.6313725490196
YANAM,zaid,82.87156862745098
YEOTMAL,kharif,837.0320175438596
YEOTMAL,rabi,88.84973214285715
YEOTMAL,zaid,43.39859649122807
ZUNHEBOTO,kharif,1365.8143137254901
ZUNHEBOTO,rabi,199.5964705882353
ZUNHEBOTO,zaid,467.90343137254905
